phrase,t5_question,t5_answer
"no universally agreedupon threshold of depth divides shallow learning from deep learning, but most researchers agree that deep learning involves cap depth higher than cap of depth has been shown to be universal approximator in the sense that it can emulate any function.",What is the term for a cap depth higher than cap of depth?,universal approximator
"no universally agreedupon threshold of depth divides shallow learning from deep learning, but most researchers agree that deep learning involves cap depth higher than cap of depth has been shown to be universal approximator in the sense that it can emulate any function.",Is there a universally agreed upon threshold of depth that divides shallow learning from deep learning?,no
"deep learning is modern variation which is concerned with an unbounded number of layers of bounded size, which permits practical application and optimized implementation, while retaining theoretical universality under mild conditions.",What is modern variation concerned with an unbounded number of layers of bounded size?,deep learning
"deep learning is modern variation which is concerned with an unbounded number of layers of bounded size, which permits practical application and optimized implementation, while retaining theoretical universality under mild conditions.",Under what conditions does deep learning retain theoretical universality?,mild
"in deep learning the layers are also permitted to be heterogeneous and to deviate widely from biologically informed connectionist models, for the sake of efficiency, trainability and understandability, hence the structured part.","What are layers allowed to deviate widely from biologically informed connectionist models for the sake of efficiency, trainability and understandability?",the structured part
deep learning also known as deep structured learning is part of broader family of machine learning methods based on artificial neural networks with representation learning.,What is another name for deep learning?,deep structured learning
deep learning also known as deep structured learning is part of broader family of machine learning methods based on artificial neural networks with representation learning.,What is deep structured learning based on?,artificial neural networks
"definition
deep learning is class of machine learning algorithms that –  uses multiple layers to progressively extract higherlevel features from the raw input.",What is a class of machine learning algorithms that uses multiple layers to extract higherlevel features from raw input?,deep learning
"in deep learning, each level learns to transform its input data into slightly more abstract and composite representation.",In what type of learning does each level learn to transform its input data into slightly more abstract and composite representation?,deep learning
"in deep learning, each level learns to transform its input data into slightly more abstract and composite representation.",What does each level learn to transform its input data into?,slightly more abstract and composite representation
deep learning helps to disentangle these abstractions and pick out which features improve performance.,What helps to disentangle abstractions and pick out features that improve performance?,deep learning
the word deep in deep learning refers to the number of layers through which the data is transformed.,What does deep in deep learning refer to?,the number of layers through which the data is transformed
the word deep in deep learning refers to the number of layers through which the data is transformed.,What refers to the number of layers through which data is transformed?,deep in deep learning
the adjective deep in deep learning refers to the use of multiple layers in the network.,What does the adjective deep in deep learning refer to?,the use of multiple layers in the network
"overview
most modern deep learning models are based on artificial neural networks, specifically convolutional neural networks cnns, although they can also include propositional formulas or latent variables organized layerwise in deep generative models such as the nodes in deep belief networks and deep boltzmann machines.",What are most modern deep learning models based on?,artificial neural networks
"overview
most modern deep learning models are based on artificial neural networks, specifically convolutional neural networks cnns, although they can also include propositional formulas or latent variables organized layerwise in deep generative models such as the nodes in deep belief networks and deep boltzmann machines.",What are the most modern deep learning models based on?,convolutional neural networks cnns
the term deep learning was introduced to the machine learning community by rina dechter in and to artificial neural networks by igor aizenberg and colleagues in in the context of boolean threshold neurons.,What term was introduced to the machine learning community by rina dechter?,deep learning
the term deep learning was introduced to the machine learning community by rina dechter in and to artificial neural networks by igor aizenberg and colleagues in in the context of boolean threshold neurons.,Who introduced the term deep learning to the machine learning community?,rina dechter
the term deep learning was introduced to the machine learning community by rina dechter in and to artificial neural networks by igor aizenberg and colleagues in in the context of boolean threshold neurons.,Deep learning was introduced to the machine learning community by rina dechter in what context?,boolean threshold neurons
the term deep learning was introduced to the machine learning community by rina dechter in and to artificial neural networks by igor aizenberg and colleagues in in the context of boolean threshold neurons.,Who introduced the term deep learning to the machine learning community?,igor aizenberg
"specifically, artificial neural networks tend to be static and symbolic, while the biological brain of most living organisms is dynamic plastic and analogue.",Artificial neural networks tend to be what?,static and symbolic
"specifically, artificial neural networks tend to be static and symbolic, while the biological brain of most living organisms is dynamic plastic and analogue.",What part of most living organisms is dynamic plastic and analogue?,biological brain
artificial neural networks anns were inspired by information processing and distributed communication nodes in biological systems.,What were artificial neural networks inspired by?,information processing and distributed communication nodes
artificial neural networks anns were inspired by information processing and distributed communication nodes in biological systems.,What type of anns were inspired by information processing and distributed communication nodes in biological systems?,artificial neural networks
"deeplearning architectures such as deep neural networks, deep belief networks, deep reinforcement learning, recurrent neural networks, convolutional neural networks and transformers have been applied to fields including computer vision, speech recognition, natural language processing, machine translation, bioinformatics, drug design, medical image analysis, climate science, material inspection and board game programs, where they have produced results comparable to and in some cases surpassing human expert performance.",What are some examples of deeplearning architectures?,"deep neural networks, deep belief networks, deep reinforcement learning, recurrent neural networks, convolutional neural networks and transformers"
"deeplearning architectures such as deep neural networks, deep belief networks, deep reinforcement learning, recurrent neural networks, convolutional neural networks and transformers have been applied to fields including computer vision, speech recognition, natural language processing, machine translation, bioinformatics, drug design, medical image analysis, climate science, material inspection and board game programs, where they have produced results comparable to and in some cases surpassing human expert performance.","Deep learning architectures have been applied to computer vision, speech recognition, natural language processing, bioinformatics, drug design, medical image analysis,",machine translation
"the first general, working learning algorithm for supervised, deep, feedforward, multilayer perceptrons was published by alexey ivakhnenko and lapa in a paper described deep network with eight layers trained by the group method of data handling.","Who published the first general working learning algorithm for deep, feedforward, multilayer perceptrons?",alexey ivakhnenko and lapa
"the first general, working learning algorithm for supervised, deep, feedforward, multilayer perceptrons was published by alexey ivakhnenko and lapa in a paper described deep network with eight layers trained by the group method of data handling.",How many layers are in the deep network?,eight
"deep models cap are able to extract better features than shallow models and hence, extra layers help in learning the features effectively.",What kind of models are able to extract better features than shallow models?,deep models cap
examples of deep structures that can be trained in an unsupervised manner are deep belief networks.,What are examples of deep structures that can be trained in an unsupervised manner?,deep belief networks
examples of deep structures that can be trained in an unsupervised manner are deep belief networks.,How can deep structures be trained?,an unsupervised manner
examples of deep structures that can be trained in an unsupervised manner are deep belief networks.,What are examples of deep structures that can be trained in an unsupervised manner?,deep belief networks
examples of deep structures that can be trained in an unsupervised manner are deep belief networks.,What are examples of deep structures that can be trained in an unsupervised manner?,deep belief networks
the classic universal approximation theorem concerns the capacity of feedforward neural networks with single hidden layer of finite size to approximate continuous functions.,The classic universal approximation theorem concerns the capacity of what with single hidden layer of finite size to approximate continuous functions?,feedforward neural networks
the classic universal approximation theorem concerns the capacity of feedforward neural networks with single hidden layer of finite size to approximate continuous functions.,The classic universal approximation theorem concerns the capacity of what with single hidden layer of finite size to approximate continuous functions?,feedforward neural networks
"for recurrent neural networks, in which signal may propagate through layer more than once, the cap depth is potentially unlimited.",What is potentially unlimited for recurrent neural networks?,cap depth
"for recurrent neural networks, in which signal may propagate through layer more than once, the cap depth is potentially unlimited.",For what type of network is the cap depth potentially unlimited?,recurrent neural networks
the probabilistic interpretation led to the introduction of dropout as regularizer in neural networks.,What was introduced as a regularizer in neural networks?,dropout
"for feedforward neural network, the depth of the caps is that of the network and is the number of hidden layers plus one as the output layer is also parameterized.",In what type of network is the depth of the caps the same as the depth of the network?,feedforward neural network
"for feedforward neural network, the depth of the caps is that of the network and is the number of hidden layers plus one as the output layer is also parameterized.",What is the number of hidden layers plus one as the output layer is also parameterized?,the depth of the caps
"for example, in image processing, lower layers may identify edges, while higher layers may identify the concepts relevant to human such as digits or letters or faces.",In what type of processing are lower layers used to identify edges?,image processing
"for example, in image processing, lower layers may identify edges, while higher layers may identify the concepts relevant to human such as digits or letters or faces.","In image processing, lower layers may identify what?",edges
"this does not eliminate the need for handtuning for example, varying numbers of layers and layer sizes can provide different degrees of abstraction.",This does not eliminate the need for what?,handtuning
"beyond that, more layers do not add to the function approximator ability of the network.",What does not add to the function approximator ability of the network?,more layers
"for supervised learning tasks, deep learning methods eliminate feature engineering, by translating the data into compact intermediate representations akin to principal components, and derive layered structures that remove redundancy in representation.",Deep learning methods eliminate feature engineering for what?,supervised learning tasks
"for supervised learning tasks, deep learning methods eliminate feature engineering, by translating the data into compact intermediate representations akin to principal components, and derive layered structures that remove redundancy in representation.",What removes redundancy in representation?,layered structures
deep learning algorithms can be applied to unsupervised learning tasks.,What can be applied to unsupervised learning tasks?,deep learning algorithms
deep learning algorithms can be applied to unsupervised learning tasks.,Deep learning algorithms can be applied to what?,unsupervised learning tasks
"learning can be supervised, semisupervised or unsupervised.","Learning can be supervised, semisupervised or what?",unsupervised
"proved that if the width of deep neural network with relu activation is strictly larger than the input dimension, then the network can approximate any lebesgue integrable function if the width is smaller or equal to the input dimension, then deep neural network is not universal approximator.",What can approximate any lebesgue integrable function if the width is smaller or equal to the input dimension?,deep neural network
"proved that if the width of deep neural network with relu activation is strictly larger than the input dimension, then the network can approximate any lebesgue integrable function if the width is smaller or equal to the input dimension, then deep neural network is not universal approximator.",What proves that the network can approximate any lebesgue integrable function if the width is smaller or equal to the input dimension?,if the width of deep neural network with relu activation is strictly larger than the input dimension
the universal approximation theorem for deep neural networks concerns the capacity of networks with bounded width but the depth is allowed to grow.,What does the universal approximation theorem for deep neural networks concern?,the capacity of networks with bounded width
the universal approximation theorem for deep neural networks concerns the capacity of networks with bounded width but the depth is allowed to grow.,What is allowed to grow?,depth
"interpretations
deep neural networks are generally interpreted in terms of the universal approximation theorem or probabilistic inference.",What are deep neural networks generally interpreted in terms of?,universal approximation theorem or probabilistic inference
"interpretations
deep neural networks are generally interpreted in terms of the universal approximation theorem or probabilistic inference.",What is generally interpreted in terms of the universal approximation theorem or probabilistic inference?,deep neural networks
"interpretations
deep neural networks are generally interpreted in terms of the universal approximation theorem or probabilistic inference.",What are deep neural networks generally interpreted in terms of?,universal approximation theorem
"more precisely, deep learning systems have substantial credit assignment path cap depth.",What type of systems have a substantial credit assignment path cap depth?,deep learning systems
"more precisely, deep learning systems have substantial credit assignment path cap depth.",Deep learning systems have substantial what?,credit assignment path cap depth
the cap is the chain of transformations from input to output.,What is the cap?,the chain of transformations from input to output
"early work showed that linear perceptron cannot be universal classifier, but that network with nonpolynomial activation function with one hidden layer of unbounded width can.",What can't be a universal classifier?,linear perceptron
"early work showed that linear perceptron cannot be universal classifier, but that network with nonpolynomial activation function with one hidden layer of unbounded width can.",What can be a universal classifier?,network with nonpolynomial activation function with one hidden layer of unbounded width
"in an image recognition application, the raw input may be matrix of pixels the first representational layer may abstract the pixels and encode edges the second layer may compose and encode arrangements of edges the third layer may encode nose and eyes and the fourth layer may recognize that the image contains face.",Which layer may recognize that the image contains face?,the fourth layer
"in an image recognition application, the raw input may be matrix of pixels the first representational layer may abstract the pixels and encode edges the second layer may compose and encode arrangements of edges the third layer may encode nose and eyes and the fourth layer may recognize that the image contains face.",Which layer may encode nose and eyes?,the third layer
"in an image recognition application, the raw input may be matrix of pixels the first representational layer may abstract the pixels and encode edges the second layer may compose and encode arrangements of edges the third layer may encode nose and eyes and the fourth layer may recognize that the image contains face.",Which layer may encode nose and eyes?,the third layer
"in an image recognition application, the raw input may be matrix of pixels the first representational layer may abstract the pixels and encode edges the second layer may compose and encode arrangements of edges the third layer may encode nose and eyes and the fourth layer may recognize that the image contains face.",Which layer may encode nose and eyes?,the third layer
this is an important benefit because unlabeled data are more abundant than the labeled data.,What is more abundant than labeled data?,unlabeled data
"other deep learning working architectures, specifically those built for computer vision, began with the neocognitron introduced by kunihiko fukushima in .",Who introduced the neocognitron?,kunihiko fukushima
"other deep learning working architectures, specifically those built for computer vision, began with the neocognitron introduced by kunihiko fukushima in .",What deep learning working architecture was introduced by kunihiko fukushima?,neocognitron
"importantly, deep learning process can learn which features to optimally place in which level on its own.",What type of learning process can learn which features to optimally place in which level on its own?,deep learning
deep learning architectures can be constructed with greedy layerbylayer method.,How can deep learning architectures be constructed?,layerbylayer
deep learning architectures can be constructed with greedy layerbylayer method.,How can deep learning architectures be constructed?,layerbylayer
deep learning architectures can be constructed with greedy layerbylayer method.,What type of layerbylayer method can deep learning architectures be constructed with?,greedy
"history
some sources point out that frank rosenblatt developed and explored all of the basic ingredients of the deep learning systems of today.",Who developed and explored all of the basic ingredients of the deep learning systems of today?,frank rosenblatt
